"node_1","node_2","omega_group_1","omega_group_2","omega_difference_group1_minus_group2","effective_J_group_1","effective_J_group_2","effective_J_difference_group1_minus_group2","absolute_effective_J_difference"
"anh","dep",2.05554652445341,2.05554652445341,0,2.05554652445341,1.71357084060696,0.341975683846451,0.341975683846451
"dep","sui",1.76567300819305,1.76567300819305,0,1.76567300819305,1.47192279274288,0.293750215450171,0.293750215450171
"glt","sui",1.60129759092897,1.60129759092897,0,1.60129759092897,1.33489406652067,0.266403524408294,0.266403524408294
"con","mot",1.53052364878035,1.53052364878035,0,1.53052364878035,1.27589459261048,0.254629056169869,0.254629056169869
"slp","ene",1.44884932390802,1.44884932390802,0,1.44884932390802,1.20780820299947,0.241041120908545,0.241041120908545
"anh","ene",1.43364220124972,1.43364220124972,0,1.43364220124972,1.19513104797195,0.238511153277775,0.238511153277775
"dep","glt",1.30868722655137,1.30868722655137,0,1.30868722655137,1.09096449251594,0.217722734035429,0.217722734035429
"ene","app",1.24840461392607,1.24840461392607,0,1.24840461392607,1.04071093417442,0.207693679751644,0.207693679751644
"mot","sui",1.0285203869616,1.0285203869616,0,1.0285203869616,0.857408247928532,0.171112139033067,0.171112139033067
"ene","con",0.803525484814466,0.803525484814466,0,0.803525484814466,0.669845135628234,0.133680349186232,0.133680349186232
"dep","mot",0.77295566944729,0.77295566944729,0,0.77295566944729,0.644361137288736,0.128594532158554,0.128594532158554
"glt","con",0.754495959670429,0.754495959670429,0,0.754495959670429,0.628972519213985,0.125523440456445,0.125523440456445
"glt","mot",0.751648577906984,0.751648577906984,0,0.751648577906984,0.626598848609174,0.12504972929781,0.12504972929781
"dep","slp",0.696655936263444,0.696655936263444,0,0.696655936263444,0.58075518316678,0.115900753096664,0.115900753096664
"anh","app",0.69379416824678,0.69379416824678,0,0.69379416824678,0.578369519710566,0.115424648536215,0.115424648536215
"slp","app",0.665698227574034,0.665698227574034,0,0.665698227574034,0.554947824261934,0.1107504033121,0.1107504033121
"ene","mot",0.642930050859938,0.642930050859938,0,0.642930050859938,0.535967527174552,0.106962523685386,0.106962523685386
"app","glt",0.570737307302294,0.570737307302294,0,0.570737307302294,0.475785293986379,0.0949520133159155,0.0949520133159155
"con","sui",0.553344991077268,0.553344991077268,0,0.553344991077268,0.461286490101731,0.0920585009755376,0.0920585009755376
"app","mot",0.531663973058606,0.531663973058606,0,0.531663973058606,0.443212484074875,0.0884514889837313,0.0884514889837313
"anh","slp",0.529718882673686,0.529718882673686,0,0.529718882673686,0.441590993086326,0.08812788958736,0.08812788958736
"slp","con",0.527200993335908,0.527200993335908,0,0.527200993335908,0.439491998148598,0.0877089951873097,0.0877089951873097
"dep","ene",0.520470594387643,0.520470594387643,0,0.520470594387643,0.433881317365557,0.0865892770220863,0.0865892770220863
"anh","con",0.48677494742745,0.48677494742745,0,0.48677494742745,0.405791523532392,0.0809834238950573,0.0809834238950573
"dep","con",0.474397916279368,0.474397916279368,0,0.474397916279368,0.395473625388843,0.0789242908905248,0.0789242908905248
"app","con",0.468538537945157,0.468538537945157,0,0.468538537945157,0.390589055889616,0.0779494820555414,0.0779494820555414
"anh","glt",0.4672378375273,0.4672378375273,0,0.4672378375273,0.389504749462157,0.077733088065143,0.077733088065143
"ene","glt",0.426111113703697,0.426111113703697,0,0.426111113703697,0.355220166809589,0.0708909468941078,0.0708909468941078
"slp","mot",0.419880188355489,0.419880188355489,0,0.419880188355489,0.350025863562414,0.0698543247930751,0.0698543247930751
"dep","app",0.394485588222199,0.394485588222199,0,0.394485588222199,0.328856093975783,0.0656294942464162,0.0656294942464162
"slp","glt",0.368627393237978,0.368627393237978,0,0.368627393237978,0.307299856552515,0.0613275366854629,0.0613275366854629
"app","sui",0.368616083190607,0.368616083190607,0,0.368616083190607,0.30729042812696,0.061325655063647,0.061325655063647
"slp","sui",0.361118835019141,0.361118835019141,0,0.361118835019141,0.301040476740024,0.0600783582791163,0.0600783582791163
"ene","sui",-0.280516948694443,-0.280516948694443,0,-0.280516948694443,-0.233848106992691,-0.0466688417017516,0.0466688417017516
"anh","mot",0.235036777035148,0.235036777035148,0,0.235036777035148,0.195934347778757,0.0391024292563914,0.0391024292563914
"anh","sui",0.190134178994864,0.190134178994864,0,0.190134178994864,0.158502072831934,0.03163210616293,0.03163210616293
