"","anh","dep","slp","ene","app","glt","con","mot","sui"
"anh",0,1.71357084060696,0.441590993086326,1.19513104797195,0.578369519710566,0.389504749462157,0.405791523532392,0.195934347778757,0.158502072831934
"dep",1.71357084060696,0,0.58075518316678,0.433881317365557,0.328856093975783,1.09096449251594,0.395473625388843,0.644361137288736,1.47192279274288
"slp",0.441590993086326,0.58075518316678,0,1.20780820299947,0.554947824261934,0.307299856552515,0.439491998148598,0.350025863562414,0.301040476740024
"ene",1.19513104797195,0.433881317365557,1.20780820299947,0,1.04071093417442,0.355220166809589,0.669845135628234,0.535967527174552,-0.233848106992691
"app",0.578369519710566,0.328856093975783,0.554947824261934,1.04071093417442,0,0.475785293986379,0.390589055889616,0.443212484074875,0.30729042812696
"glt",0.389504749462157,1.09096449251594,0.307299856552515,0.355220166809589,0.475785293986379,0,0.628972519213985,0.626598848609174,1.33489406652067
"con",0.405791523532392,0.395473625388843,0.439491998148598,0.669845135628234,0.390589055889616,0.628972519213985,0,1.27589459261048,0.461286490101731
"mot",0.195934347778757,0.644361137288736,0.350025863562414,0.535967527174552,0.443212484074875,0.626598848609174,1.27589459261048,0,0.857408247928532
"sui",0.158502072831934,1.47192279274288,0.301040476740024,-0.233848106992691,0.30729042812696,1.33489406652067,0.461286490101731,0.857408247928532,0
