"var1","var1_id","op","var2","var2_id","est","std","se","p","se_boot","p_boot","matrix","row","col","par","group","group_id","fixed","mi","pmi","epc","mi_free","pmi_free","epc_free","mi_equal","pmi_equal","epc_equal","minimum","maximum","identified","penalty_lambda","model"
"anh",1,"~1",,,-2.26580759562463,,0.0361662395746361,0,,,"tau",1,1,1,"Low Slow Risk",1,FALSE,7.8074e-06,0.9977705815,-3.98309e-05,372.2359116107,0,,7.8074e-06,0.9977705815,,-Inf,Inf,FALSE,0,"equal_J_equal_h"
"dep",2,"~1",,,-3.73487942628696,,0.0550071849242889,0,,,"tau",2,1,2,"Low Slow Risk",1,FALSE,1.7332e-06,0.9989495844,1.99511e-05,577.273618077,0,,1.7332e-06,0.9989495844,,-Inf,Inf,FALSE,0,"equal_J_equal_h"
"slp",3,"~1",,,-1.94629399138081,,0.0327470238766163,0,,,"tau",3,1,3,"Low Slow Risk",1,FALSE,1.80853e-05,0.9966068593,-6.05857e-05,217.5627867002,0,,1.80853e-05,0.9966068593,,-Inf,Inf,FALSE,0,"equal_J_equal_h"
"ene",4,"~1",,,-1.34851281269046,,0.0273877735242158,0,,,"tau",4,1,4,"Low Slow Risk",1,FALSE,6.20353e-05,0.9937157288,-0.000115885,195.2527296094,0,,6.20353e-05,0.9937157288,,-Inf,Inf,FALSE,0,"equal_J_equal_h"
"app",5,"~1",,,-2.76631429786658,,0.042082993302159,0,,,"tau",5,1,5,"Low Slow Risk",1,FALSE,1.921e-07,0.999650273,6.4713e-06,303.2011177162,0,,1.921e-07,0.999650273,,-Inf,Inf,FALSE,0,"equal_J_equal_h"
"glt",6,"~1",,,-3.65470061350541,,0.056864332828923,0,,,"tau",6,1,6,"Low Slow Risk",1,FALSE,1.29e-08,0.9999094215,1.93e-06,308.3953892939,0,,1.29e-08,0.9999094215,,-Inf,Inf,FALSE,0,"equal_J_equal_h"
"con",7,"~1",,,-3.25204478534131,,0.0498099001094394,0,,,"tau",7,1,7,"Low Slow Risk",1,FALSE,3.50293e-05,0.9952777056,9.45856e-05,301.2366774072,0,,3.50293e-05,0.9952777056,,-Inf,Inf,FALSE,0,"equal_J_equal_h"
"mot",8,"~1",,,-4.21681879719707,,0.069104814431478,0,,,"tau",8,1,8,"Low Slow Risk",1,FALSE,2.0767e-06,0.9988501942,-2.66214e-05,482.6711322917,0,,2.0767e-06,0.9988501942,,-Inf,Inf,FALSE,0,"equal_J_equal_h"
"sui",9,"~1",,,-5.75138552683547,,0.121751948858443,0,,,"tau",9,1,9,"Low Slow Risk",1,FALSE,2.04537e-05,0.9963915159,0.0001247188,231.8773828606,0,,2.04537e-05,0.9963915159,,-Inf,Inf,FALSE,0,"equal_J_equal_h"
"dep",2,"--","anh",1,2.05554652445341,,0.0504187234153213,0,,,"omega",2,1,10,"Low Slow Risk",1,FALSE,1.66506e-05,0.9967442249,6.39131e-05,693.7599179863,0,,1.66506e-05,0.9967442249,,-Inf,Inf,FALSE,0,"equal_J_equal_h"
"slp",3,"--","anh",1,0.529718882673686,,0.04060878878114,6.83579841809824e-39,,,"omega",3,1,11,"Low Slow Risk",1,FALSE,1.497e-07,0.9996913222,-5.7741e-06,545.6031592866,0,,1.497e-07,0.9996913222,,-Inf,Inf,FALSE,0,"equal_J_equal_h"
"ene",4,"--","anh",1,1.43364220124972,,0.0436304557892106,8.54235186068032e-237,,,"omega",4,1,12,"Low Slow Risk",1,FALSE,7.0722e-06,0.9978781469,3.8261e-05,490.2665318681,0,,7.0722e-06,0.9978781469,,-Inf,Inf,FALSE,0,"equal_J_equal_h"
"app",5,"--","anh",1,0.69379416824678,,0.042570748860831,1.02915448307478e-59,,,"omega",5,1,13,"Low Slow Risk",1,FALSE,6.1307e-06,0.9980244131,3.91857e-05,507.4668421421,0,,6.1307e-06,0.9980244131,,-Inf,Inf,FALSE,0,"equal_J_equal_h"
"glt",6,"--","anh",1,0.4672378375273,,0.0573980083972291,3.94252586388404e-16,,,"omega",6,1,14,"Low Slow Risk",1,FALSE,2.77341e-05,0.9957981069,9.56677e-05,450.6973916277,0,,2.77341e-05,0.9957981069,,-Inf,Inf,FALSE,0,"equal_J_equal_h"
"con",7,"--","anh",1,0.48677494742745,,0.0499789705631114,2.04366586901193e-22,,,"omega",7,1,15,"Low Slow Risk",1,FALSE,2.0148e-06,0.9988674676,2.45082e-05,496.2072209291,0,,2.0148e-06,0.9988674676,,-Inf,Inf,FALSE,0,"equal_J_equal_h"
"mot",8,"--","anh",1,0.235036777035148,,0.0634642640283805,0.000212686476571158,,,"omega",8,1,16,"Low Slow Risk",1,FALSE,6.7851e-06,0.9979216603,-5.17043e-05,587.7403815769,0,,6.7851e-06,0.9979216603,,-Inf,Inf,FALSE,0,"equal_J_equal_h"
"sui",9,"--","anh",1,0.190134178994864,,0.111313532330409,0.0876185648765577,,,"omega",9,1,17,"Low Slow Risk",1,FALSE,2.5509e-06,0.9987256519,-4.63175e-05,265.1094687792,0,,2.5509e-06,0.9987256519,,-Inf,Inf,FALSE,0,"equal_J_equal_h"
"slp",3,"--","dep",2,0.696655936263444,,0.0462697502643673,3.13387049726181e-51,,,"omega",3,2,18,"Low Slow Risk",1,FALSE,2.7381e-06,0.9986797306,-2.68423e-05,699.030562684,0,,2.7381e-06,0.9986797306,,-Inf,Inf,FALSE,0,"equal_J_equal_h"
"ene",4,"--","dep",2,0.520470594387643,,0.057414900814235,1.2451433389053e-19,,,"omega",4,2,19,"Low Slow Risk",1,FALSE,4.80419e-05,0.994469728,0.0001080321,681.4494771326,0,,4.80419e-05,0.994469728,,-Inf,Inf,FALSE,0,"equal_J_equal_h"
"app",5,"--","dep",2,0.394485588222199,,0.044373676687918,6.10642762053846e-19,,,"omega",5,2,20,"Low Slow Risk",1,FALSE,3.30598e-05,0.9954123786,-9.99978e-05,631.2166540583,0,,3.30598e-05,0.9954123786,,-Inf,Inf,FALSE,0,"equal_J_equal_h"
"glt",6,"--","dep",2,1.30868722655137,,0.0505067099138729,4.98607458563291e-148,,,"omega",6,2,21,"Low Slow Risk",1,FALSE,3.5742e-05,0.9952299084,-0.0001130093,486.1383195744,0,,3.5742e-05,0.9952299084,,-Inf,Inf,FALSE,0,"equal_J_equal_h"
"con",7,"--","dep",2,0.474397916279368,,0.047968679682739,4.61210188847787e-23,,,"omega",7,2,22,"Low Slow Risk",1,FALSE,1.0341e-06,0.999188644,1.89379e-05,598.7964298771,0,,1.0341e-06,0.999188644,,-Inf,Inf,FALSE,0,"equal_J_equal_h"
"mot",8,"--","dep",2,0.77295566944729,,0.0567525828286258,3.05635734816224e-42,,,"omega",8,2,23,"Low Slow Risk",1,FALSE,4.2228e-06,0.9983603885,-4.2832e-05,634.3956404241,0,,4.2228e-06,0.9983603885,,-Inf,Inf,FALSE,0,"equal_J_equal_h"
"sui",9,"--","dep",2,1.76567300819305,,0.109621189037867,2.27659605822805e-58,,,"omega",9,2,24,"Low Slow Risk",1,FALSE,2.9551e-06,0.9986284092,-4.97787e-05,264.1396799396,0,,2.9551e-06,0.9986284092,,-Inf,Inf,FALSE,0,"equal_J_equal_h"
"ene",4,"--","slp",3,1.44884932390802,,0.0407646193715198,1.11095639740595e-276,,,"omega",4,3,25,"Low Slow Risk",1,FALSE,6.3308e-06,0.9979924357,3.62289e-05,382.543977274,0,,6.3308e-06,0.9979924357,,-Inf,Inf,FALSE,0,"equal_J_equal_h"
"app",5,"--","slp",3,0.665698227574034,,0.0397684377447505,6.77113852302257e-63,,,"omega",5,3,26,"Low Slow Risk",1,FALSE,1.01979e-05,0.9974520303,5.08615e-05,480.0179682827,0,,1.01979e-05,0.9974520303,,-Inf,Inf,FALSE,0,"equal_J_equal_h"
"glt",6,"--","slp",3,0.368627393237978,,0.0517897828528593,1.09692881546865e-12,,,"omega",6,3,27,"Low Slow Risk",1,FALSE,3.2785e-06,0.9985553077,-3.35245e-05,444.0712726409,0,,3.2785e-06,0.9985553077,,-Inf,Inf,FALSE,0,"equal_J_equal_h"
"con",7,"--","slp",3,0.527200993335908,,0.0461675519068955,3.34931644283147e-30,,,"omega",7,3,28,"Low Slow Risk",1,FALSE,2.36327e-05,0.9961212244,-8.45978e-05,446.4880070076,0,,2.36327e-05,0.9961212244,,-Inf,Inf,FALSE,0,"equal_J_equal_h"
"mot",8,"--","slp",3,0.419880188355489,,0.0574631131451491,2.73270867884789e-13,,,"omega",8,3,29,"Low Slow Risk",1,FALSE,2.0667e-06,0.9988529469,-2.87859e-05,541.218498288,0,,2.0667e-06,0.9988529469,,-Inf,Inf,FALSE,0,"equal_J_equal_h"
"sui",9,"--","slp",3,0.361118835019141,,0.0935953714376415,0.000114179377024174,,,"omega",9,3,30,"Low Slow Risk",1,FALSE,2.429e-07,0.9996067567,-1.45529e-05,271.5043750558,0,,2.429e-07,0.9996067567,,-Inf,Inf,FALSE,0,"equal_J_equal_h"
"app",5,"--","ene",4,1.24840461392607,,0.0481362014673588,2.69610577293273e-148,,,"omega",5,4,31,"Low Slow Risk",1,FALSE,8.16558e-05,0.9927901242,0.0001370278,413.5939035825,0,,8.16558e-05,0.9927901242,,-Inf,Inf,FALSE,0,"equal_J_equal_h"
"glt",6,"--","ene",4,0.426111113703697,,0.0655571779390827,8.04059201484269e-11,,,"omega",6,4,32,"Low Slow Risk",1,FALSE,2.82226e-05,0.9957612607,9.38967e-05,399.5766912851,0,,2.82226e-05,0.9957612607,,-Inf,Inf,FALSE,0,"equal_J_equal_h"
"con",7,"--","ene",4,0.803525484814466,,0.0576215746974904,3.38053873530127e-44,,,"omega",7,4,33,"Low Slow Risk",1,FALSE,3.50406e-05,0.9952769429,9.80508e-05,396.8880463707,0,,3.50406e-05,0.9952769429,,-Inf,Inf,FALSE,0,"equal_J_equal_h"
"mot",8,"--","ene",4,0.642930050859938,,0.0768283699416082,5.84089362419341e-17,,,"omega",8,4,34,"Low Slow Risk",1,FALSE,0.000135821,0.9907014837,0.0002225254,548.3432298764,0,,0.000135821,0.9907014837,,-Inf,Inf,FALSE,0,"equal_J_equal_h"
"sui",9,"--","ene",4,-0.280516948694443,,0.124598080736338,0.0243618242719973,,,"omega",9,4,35,"Low Slow Risk",1,FALSE,0.0001344085,0.9907499597,0.0003319891,266.8319574158,0,,0.0001344085,0.9907499597,,-Inf,Inf,FALSE,0,"equal_J_equal_h"
"glt",6,"--","app",5,0.570737307302294,,0.0469972608636757,6.16914496349542e-34,,,"omega",6,5,36,"Low Slow Risk",1,FALSE,0.0001219993,0.9911872821,-0.0002165273,458.5878997051,0,,0.0001219993,0.9911872821,,-Inf,Inf,FALSE,0,"equal_J_equal_h"
"con",7,"--","app",5,0.468538537945157,,0.0432300534986103,2.26743739459753e-27,,,"omega",7,5,37,"Low Slow Risk",1,FALSE,0.0001096888,0.9916437158,-0.0001950647,503.4426406385,0,,0.0001096888,0.9916437158,,-Inf,Inf,FALSE,0,"equal_J_equal_h"
"mot",8,"--","app",5,0.531663973058606,,0.05095504463289,1.73464661099966e-25,,,"omega",8,5,38,"Low Slow Risk",1,FALSE,4.806e-07,0.9994468423,-1.47076e-05,559.0437102089,0,,4.806e-07,0.9994468423,,-Inf,Inf,FALSE,0,"equal_J_equal_h"
"sui",9,"--","app",5,0.368616083190607,,0.0775072269053623,1.97571033621374e-06,,,"omega",9,5,39,"Low Slow Risk",1,FALSE,5.2331e-06,0.9981747568,-7.12367e-05,260.4148077076,0,,5.2331e-06,0.9981747568,,-Inf,Inf,FALSE,0,"equal_J_equal_h"
"con",7,"--","glt",6,0.754495959670429,,0.0476487165253656,1.79741881474009e-56,,,"omega",7,6,40,"Low Slow Risk",1,FALSE,7.0889e-06,0.9978756422,-5.48303e-05,487.1189650518,0,,7.0889e-06,0.9978756422,,-Inf,Inf,FALSE,0,"equal_J_equal_h"
"mot",8,"--","glt",6,0.751648577906984,,0.0517676164564269,9.09503392460852e-48,,,"omega",8,6,41,"Low Slow Risk",1,FALSE,4.20926e-05,0.9948234585,-0.000148637,547.4201688414,0,,4.20926e-05,0.9948234585,,-Inf,Inf,FALSE,0,"equal_J_equal_h"
"sui",9,"--","glt",6,1.60129759092897,,0.079516504482887,3.43409039021098e-90,,,"omega",9,6,42,"Low Slow Risk",1,FALSE,2.563e-07,0.9995960937,-1.54827e-05,257.652412043,0,,2.563e-07,0.9995960937,,-Inf,Inf,FALSE,0,"equal_J_equal_h"
"mot",8,"--","con",7,1.53052364878035,,0.0490156159117144,4.84439597036807e-214,,,"omega",8,7,43,"Low Slow Risk",1,FALSE,3.0334e-06,0.9986103497,-3.69086e-05,528.7462115478,0,,3.0334e-06,0.9986103497,,-Inf,Inf,FALSE,0,"equal_J_equal_h"
"sui",9,"--","con",7,0.553344991077268,,0.076697099098922,5.40611394437604e-13,,,"omega",9,7,44,"Low Slow Risk",1,FALSE,4.92244e-05,0.9944020804,-0.0002227185,267.8233985244,0,,4.92244e-05,0.9944020804,,-Inf,Inf,FALSE,0,"equal_J_equal_h"
"sui",9,"--","mot",8,1.0285203869616,,0.0717863310801604,1.472783122976e-46,,,"omega",9,8,45,"Low Slow Risk",1,FALSE,1.494e-06,0.999024766,4.07689e-05,286.931701411,0,,1.494e-06,0.999024766,,-Inf,Inf,FALSE,0,"equal_J_equal_h"
"beta",1,"inverse temp",,,1,,,,,,"beta",1,1,0,"Low Slow Risk",1,TRUE,0,,,0,,,0,,,-Inf,Inf,TRUE,0,"equal_J_equal_h"
"anh",1,"~1",,,-2.26580759562463,,0.0361662395746361,0,,,"tau",1,1,1,"High Slow Risk",2,FALSE,0,,0.5699764737,593.9925365679,0,,0,,,-Inf,Inf,FALSE,0,"equal_J_equal_h"
"dep",2,"~1",,,-3.73487942628696,,0.0550071849242889,0,,,"tau",2,1,2,"High Slow Risk",2,FALSE,0,,0.7263502768,871.6479819267,0,,0,,,-Inf,Inf,FALSE,0,"equal_J_equal_h"
"slp",3,"~1",,,-1.94629399138081,,0.0327470238766163,0,,,"tau",3,1,3,"High Slow Risk",2,FALSE,0,,0.4200496605,334.8283850713,0,,0,,,-Inf,Inf,FALSE,0,"equal_J_equal_h"
"ene",4,"~1",,,-1.34851281269046,,0.0273877735242158,0,,,"tau",4,1,4,"High Slow Risk",2,FALSE,0,,0.4396667555,325.3280880058,0,,0,,,-Inf,Inf,FALSE,0,"equal_J_equal_h"
"app",5,"~1",,,-2.76631429786658,,0.042082993302159,0,,,"tau",5,1,5,"High Slow Risk",2,FALSE,0,,0.5027675389,451.6054255827,0,,0,,,-Inf,Inf,FALSE,0,"equal_J_equal_h"
"glt",6,"~1",,,-3.65470061350541,,0.056864332828923,0,,,"tau",6,1,6,"High Slow Risk",2,FALSE,0,,0.573588789,442.1233565292,0,,0,,,-Inf,Inf,FALSE,0,"equal_J_equal_h"
"con",7,"~1",,,-3.25204478534131,,0.0498099001094394,0,,,"tau",7,1,7,"High Slow Risk",2,FALSE,0,,0.5422490026,442.604145653,0,,0,,,-Inf,Inf,FALSE,0,"equal_J_equal_h"
"mot",8,"~1",,,-4.21681879719707,,0.069104814431478,0,,,"tau",8,1,8,"High Slow Risk",2,FALSE,0,,0.7541643157,665.212223199,0,,0,,,-Inf,Inf,FALSE,0,"equal_J_equal_h"
"sui",9,"~1",,,-5.75138552683547,,0.121751948858443,0,,,"tau",9,1,9,"High Slow Risk",2,FALSE,0,,0.7009266295,280.8924952545,0,,0,,,-Inf,Inf,FALSE,0,"equal_J_equal_h"
"dep",2,"--","anh",1,2.05554652445341,,0.0504187234153213,0,,,"omega",2,1,10,"High Slow Risk",2,FALSE,0,,0.7664746926,978.0831007736,0,,0,,,-Inf,Inf,FALSE,0,"equal_J_equal_h"
"slp",3,"--","anh",1,0.529718882673686,,0.04060878878114,6.83579841809824e-39,,,"omega",3,1,11,"High Slow Risk",2,FALSE,0,,0.6499069953,776.8954272184,0,,0,,,-Inf,Inf,FALSE,0,"equal_J_equal_h"
"ene",4,"--","anh",1,1.43364220124972,,0.0436304557892106,8.54235186068032e-237,,,"omega",4,1,12,"High Slow Risk",2,FALSE,0,,0.6110674009,720.9788509358,0,,0,,,-Inf,Inf,FALSE,0,"equal_J_equal_h"
"app",5,"--","anh",1,0.69379416824678,,0.042570748860831,1.02915448307478e-59,,,"omega",5,1,13,"High Slow Risk",2,FALSE,0,,0.6560933291,710.4461339097,0,,0,,,-Inf,Inf,FALSE,0,"equal_J_equal_h"
"glt",6,"--","anh",1,0.4672378375273,,0.0573980083972291,3.94252586388404e-16,,,"omega",6,1,14,"High Slow Risk",2,FALSE,0,,0.6945447632,610.0829789282,0,,0,,,-Inf,Inf,FALSE,0,"equal_J_equal_h"
"con",7,"--","anh",1,0.48677494742745,,0.0499789705631114,2.04366586901193e-22,,,"omega",7,1,15,"High Slow Risk",2,FALSE,0,,0.6979318983,678.9973480772,0,,0,,,-Inf,Inf,FALSE,0,"equal_J_equal_h"
"mot",8,"--","anh",1,0.235036777035148,,0.0634642640283805,0.000212686476571158,,,"omega",8,1,16,"High Slow Risk",2,FALSE,0,,0.8532494785,780.4769413653,0,,0,,,-Inf,Inf,FALSE,0,"equal_J_equal_h"
"sui",9,"--","anh",1,0.190134178994864,,0.111313532330409,0.0876185648765577,,,"omega",9,1,17,"High Slow Risk",2,FALSE,0,,0.7866634322,324.7768296764,0,,0,,,-Inf,Inf,FALSE,0,"equal_J_equal_h"
"slp",3,"--","dep",2,0.696655936263444,,0.0462697502643673,3.13387049726181e-51,,,"omega",3,2,18,"High Slow Risk",2,FALSE,0,,0.7864502776,972.70766648,0,,0,,,-Inf,Inf,FALSE,0,"equal_J_equal_h"
"ene",4,"--","dep",2,0.520470594387643,,0.057414900814235,1.2451433389053e-19,,,"omega",4,2,19,"High Slow Risk",2,FALSE,0,,0.7602158101,965.7606628297,0,,0,,,-Inf,Inf,FALSE,0,"equal_J_equal_h"
"app",5,"--","dep",2,0.394485588222199,,0.044373676687918,6.10642762053846e-19,,,"omega",5,2,20,"High Slow Risk",2,FALSE,0,,0.7926853698,867.8880006924,0,,0,,,-Inf,Inf,FALSE,0,"equal_J_equal_h"
"glt",6,"--","dep",2,1.30868722655137,,0.0505067099138729,4.98607458563291e-148,,,"omega",6,2,21,"High Slow Risk",2,FALSE,0,,0.7460146301,654.4414451458,0,,0,,,-Inf,Inf,FALSE,0,"equal_J_equal_h"
"con",7,"--","dep",2,0.474397916279368,,0.047968679682739,4.61210188847787e-23,,,"omega",7,2,22,"High Slow Risk",2,FALSE,0,,0.8182774507,811.1675929574,0,,0,,,-Inf,Inf,FALSE,0,"equal_J_equal_h"
"mot",8,"--","dep",2,0.77295566944729,,0.0567525828286258,3.05635734816224e-42,,,"omega",8,2,23,"High Slow Risk",2,FALSE,0,,0.9291029899,843.2819330873,0,,0,,,-Inf,Inf,FALSE,0,"equal_J_equal_h"
"sui",9,"--","dep",2,1.76567300819305,,0.109621189037867,2.27659605822805e-58,,,"omega",9,2,24,"High Slow Risk",2,FALSE,0,,0.7839867871,323.4604988954,0,,0,,,-Inf,Inf,FALSE,0,"equal_J_equal_h"
"ene",4,"--","slp",3,1.44884932390802,,0.0407646193715198,1.11095639740595e-276,,,"omega",4,3,25,"High Slow Risk",2,FALSE,0,,0.53440195,556.8320566652,0,,0,,,-Inf,Inf,FALSE,0,"equal_J_equal_h"
"app",5,"--","slp",3,0.665698227574034,,0.0397684377447505,6.77113852302257e-63,,,"omega",5,3,26,"High Slow Risk",2,FALSE,0,,0.6412495275,671.8097289189,0,,0,,,-Inf,Inf,FALSE,0,"equal_J_equal_h"
"glt",6,"--","slp",3,0.368627393237978,,0.0517897828528593,1.09692881546865e-12,,,"omega",6,3,27,"High Slow Risk",2,FALSE,0,,0.6998559867,599.1525396501,0,,0,,,-Inf,Inf,FALSE,0,"equal_J_equal_h"
"con",7,"--","slp",3,0.527200993335908,,0.0461675519068955,3.34931644283147e-30,,,"omega",7,3,28,"High Slow Risk",2,FALSE,0,,0.6653994471,609.6682898554,0,,0,,,-Inf,Inf,FALSE,0,"equal_J_equal_h"
"mot",8,"--","slp",3,0.419880188355489,,0.0574631131451491,2.73270867884789e-13,,,"omega",8,3,29,"High Slow Risk",2,FALSE,0,,0.8253469404,718.8418445299,0,,0,,,-Inf,Inf,FALSE,0,"equal_J_equal_h"
"sui",9,"--","slp",3,0.361118835019141,,0.0935953714376415,0.000114179377024174,,,"omega",9,3,30,"High Slow Risk",2,FALSE,0,,0.8126694525,334.2427178942,0,,0,,,-Inf,Inf,FALSE,0,"equal_J_equal_h"
"app",5,"--","ene",4,1.24840461392607,,0.0481362014673588,2.69610577293273e-148,,,"omega",5,4,31,"High Slow Risk",2,FALSE,0,,0.5762746301,588.9128539901,0,,0,,,-Inf,Inf,FALSE,0,"equal_J_equal_h"
"glt",6,"--","ene",4,0.426111113703697,,0.0655571779390827,8.04059201484269e-11,,,"omega",6,4,32,"High Slow Risk",2,FALSE,0,,0.6436545573,545.8516783039,0,,0,,,-Inf,Inf,FALSE,0,"equal_J_equal_h"
"con",7,"--","ene",4,0.803525484814466,,0.0576215746974904,3.38053873530127e-44,,,"omega",7,4,33,"High Slow Risk",2,FALSE,0,,0.6095741441,552.314722437,0,,0,,,-Inf,Inf,FALSE,0,"equal_J_equal_h"
"mot",8,"--","ene",4,0.642930050859938,,0.0768283699416082,5.84089362419341e-17,,,"omega",8,4,34,"High Slow Risk",2,FALSE,0,,0.8013638262,733.5618362034,0,,0,,,-Inf,Inf,FALSE,0,"equal_J_equal_h"
"sui",9,"--","ene",4,-0.280516948694443,,0.124598080736338,0.0243618242719973,,,"omega",9,4,35,"High Slow Risk",2,FALSE,0,,0.7785245287,325.9903152322,0,,0,,,-Inf,Inf,FALSE,0,"equal_J_equal_h"
"glt",6,"--","app",5,0.570737307302294,,0.0469972608636757,6.16914496349542e-34,,,"omega",6,5,36,"High Slow Risk",2,FALSE,0,,0.7485761521,615.5766532253,0,,0,,,-Inf,Inf,FALSE,0,"equal_J_equal_h"
"con",7,"--","app",5,0.468538537945157,,0.0432300534986103,2.26743739459753e-27,,,"omega",7,5,37,"High Slow Risk",2,FALSE,0,,0.7497008593,681.4373481911,0,,0,,,-Inf,Inf,FALSE,0,"equal_J_equal_h"
"mot",8,"--","app",5,0.531663973058606,,0.05095504463289,1.73464661099966e-25,,,"omega",8,5,38,"High Slow Risk",2,FALSE,0,,0.8868936249,742.9202357049,0,,0,,,-Inf,Inf,FALSE,0,"equal_J_equal_h"
"sui",9,"--","app",5,0.368616083190607,,0.0775072269053623,1.97571033621374e-06,,,"omega",9,5,39,"High Slow Risk",2,FALSE,0,,0.8462608031,325.0450275619,0,,0,,,-Inf,Inf,FALSE,0,"equal_J_equal_h"
"con",7,"--","glt",6,0.754495959670429,,0.0476487165253656,1.79741881474009e-56,,,"omega",7,6,40,"High Slow Risk",2,FALSE,0,,0.8069091141,650.3511518202,0,,0,,,-Inf,Inf,FALSE,0,"equal_J_equal_h"
"mot",8,"--","glt",6,0.751648577906984,,0.0517676164564269,9.09503392460852e-48,,,"omega",8,6,41,"High Slow Risk",2,FALSE,0,,0.9449928951,725.3179132878,0,,0,,,-Inf,Inf,FALSE,0,"equal_J_equal_h"
"sui",9,"--","glt",6,1.60129759092897,,0.079516504482887,3.43409039021098e-90,,,"omega",9,6,42,"High Slow Risk",2,FALSE,0,,0.8252396808,320.612803508,0,,0,,,-Inf,Inf,FALSE,0,"equal_J_equal_h"
"mot",8,"--","con",7,1.53052364878035,,0.0490156159117144,4.84439597036807e-214,,,"omega",8,7,43,"High Slow Risk",2,FALSE,0,,0.8607962357,701.2003992558,0,,0,,,-Inf,Inf,FALSE,0,"equal_J_equal_h"
"sui",9,"--","con",7,0.553344991077268,,0.076697099098922,5.40611394437604e-13,,,"omega",9,7,44,"High Slow Risk",2,FALSE,0,,0.8782405698,336.1613984622,0,,0,,,-Inf,Inf,FALSE,0,"equal_J_equal_h"
"sui",9,"--","mot",8,1.0285203869616,,0.0717863310801604,1.472783122976e-46,,,"omega",9,8,45,"High Slow Risk",2,FALSE,0,,0.9616369267,363.9644671285,0,,0,,,-Inf,Inf,FALSE,0,"equal_J_equal_h"
"beta",1,"inverse temp",,,0.83363272016556,,0.006253190029606,0,,,"beta",1,1,46,"High Slow Risk",2,FALSE,5.63e-07,0.9994013025,-3.4249e-06,5.63e-07,0.9994013025,,5.63e-07,0.9994013025,,-Inf,Inf,FALSE,0,"equal_J_equal_h"
